{"cameraMode":{"drawMode":0,"name":"Shaded","section":"Shading Mode"},"sceneLighting":true,"audioPlay":false,"sceneViewState":{"showFog":false,"showMaterialUpdate":false,"showSkybox":false,"showFlares":false,"showImageEffects":false,"showParticleSystems":false},"in2DMode":false,"pivot":{"x":190.82290649414063,"y":-181.34019470214845,"z":-39.70924377441406},"rotation":{"x":-0.20927385985851289,"y":-0.7493830323219299,"z":0.2785135507583618,"w":-0.5630806684494019},"size":345.48822021484377,"orthographic":false}